Farm Name,Geolocation Boundaries,SOC(tonnes/hectare)
Green Fields Farms,"37.788022,-122.399797:37.788589,-122.398499",100
Happy Acres Farms,"38.907192,-77.036871:38.907738,-77.036249",50
Sunny Meadows Farms,"40.730610,-73.935242:40.731146,-73.934620",299
Riverside Ranch,"34.052235,-118.243683:34.052771,-118.243161",599
Mountain View Farms,"37.386051,-122.083855:37.386587,-122.083233",300